North,patient,Theta,RRPgains,RRPloss
0,0.6323529411764706,3.8603921599603965,-0.40725084007991574,0.006495083891101133
1,0.6720977596741344,2.859633410167396,-1.0862185390184338,-0.46739081451536557
