North,UAI,IDV,MAS
0,37.99242424242424,103.06818181818181,12.348484848484848
1,38.67154811715481,100.24058577405857,26.02510460251046
