North,Beta,Theta,RRPgains,RRPloss
0,0.4785922681329114,4.3296784810126585,0.477835967244195,-0.29148206751054867
1,0.5111325519714286,3.2455657142857146,0.4657299813942672,-0.3965476190476191
