North,Patience,Beta,Delta,Theta
0,0.577639751552795,0.47962440768322984,0.7363717879068323,4.282978881987578
1,0.7083333333333334,0.5008678349444444,0.7749962670416667,3.191955555555556
