North,RRP_gains,RRP_loss
0,0.7101010104939104,-0.7360675736245782
1,0.73829587670357,-0.7345817746395724
