North,RRP_gains,RRP_loss
0,0.5963101978021977,-0.4994333333333334
1,0.6573304802604804,-0.5805833333333335
